method,generation,samples,fitness_mean,fitness_std,fitness_min,fitness_max,fitness_count,best_so_far_mean,best_so_far_std,best_so_far_min,best_so_far_max,fitness_ci_lower,fitness_ci_upper,best_ci_lower,best_ci_upper
ga,0,2000,-6.3139,1.6281,-9.502,-1.956,50,-6.3139,1.6281,-9.502,-1.956,-6.765186295776329,-5.862613704223672,-6.765186295776329,-5.862613704223672
ga,1,4000,-5.6428,1.5297,-9.002,-1.956,50,-5.6428,1.5297,-9.002,-1.956,-6.066811207326976,-5.218788792673024,-6.066811207326976,-5.218788792673024
ga,2,6000,-2.0992,2.3703,-8.404,-0.001,50,-2.0992,2.3703,-8.404,-0.001,-2.7562136397510177,-1.4421863602489826,-2.7562136397510177,-1.4421863602489826
ga,3,8000,-2.088,2.1443,-6.504,-0.001,50,-1.869,2.0358,-6.504,-0.001,-2.682369635792139,-1.4936303642078612,-2.4332949701747126,-1.3047050298252874
ga,4,10000,-1.7572,1.8836,-6.402,-0.001,50,-1.611,1.8839,-6.402,-0.001,-2.279307282552849,-1.2350927174471515,-2.133190438310316,-1.088809561689684
ga,5,12000,-1.5531,1.7082,-5.453,-0.001,50,-1.4649,1.686,-5.453,-0.001,-2.0265888830201613,-1.0796111169798386,-1.9322353569675634,-0.9975646430324366
ga,6,14000,-1.304,1.582,-5.453,-0.001,50,-1.224,1.5434,-5.453,-0.001,-1.7425080277121503,-0.8654919722878498,-1.6518086535846603,-0.7961913464153396
ga,7,16000,-1.2069,1.5324,-5.453,-0.001,50,-1.08,1.4767,-5.453,-0.001,-1.6316596091441842,-0.782140390855816,-1.4893203568410445,-0.6706796431589557
ga,8,18000,-1.1168,1.4834,-5.404,-0.001,50,-0.9571,1.394,-5.404,-0.001,-1.5279775020911528,-0.7056224979088472,-1.3434970863658264,-0.5707029136341735
ga,9,20000,-1.0107,1.4548,-5.104,-0.001,50,-0.9039,1.3885,-5.104,-0.001,-1.4139499865459142,-0.6074500134540857,-1.2887725641455883,-0.5190274358544118
ga,10,22000,-0.9917,1.4429,-5.104,-0.001,50,-0.8669,1.3668,-5.104,-0.001,-1.3916514748330353,-0.5917485251669647,-1.245757631022103,-0.48804236897789693
ga,11,24000,-0.9287,1.4212,-5.104,-0.001,50,-0.8028,1.3427,-5.104,-0.001,-1.3226365417095498,-0.53476345829045,-1.1749774518388776,-0.43062254816112244
ga,12,26000,-0.8249,1.3108,-4.503,-0.001,50,-0.7149,1.2329,-4.503,-0.001,-1.1882352229614959,-0.461564777038504,-1.0566424446057585,-0.37315755539424134
ga,13,28000,-0.8596,1.3396,-4.503,-0.001,50,-0.7149,1.2329,-4.503,-0.001,-1.2309181756783796,-0.48828182432162043,-1.0566424446057585,-0.37315755539424134
ga,14,30000,-0.7397,1.2113,-4.503,-0.001,50,-0.6828,1.1989,-4.503,-0.001,-1.075455230068096,-0.40394476993190415,-1.0151181254261044,-0.3504818745738957
ga,15,32000,-0.7176,1.1807,-4.503,-0.001,50,-0.6599,1.1667,-4.503,-0.001,-1.044873342806407,-0.390326657193593,-0.9832927407912553,-0.3365072592087448
ga,16,34000,-0.6786,1.1876,-4.503,-0.001,50,-0.6367,1.1721,-4.503,-0.001,-1.0077859252281605,-0.3494140747718396,-0.961589544425671,-0.3118104555743291
ga,17,36000,-0.6415,1.1368,-4.153,-0.001,50,-0.5996,1.1191,-4.153,-0.001,-0.9566048836303238,-0.32639511636967605,-0.9097986939397391,-0.2894013060602609
ga,18,38000,-0.5335,0.9121,-3.701,-0.001,50,-0.5016,0.8951,-3.701,-0.001,-0.786321221287138,-0.28067877871286195,-0.7497090616973109,-0.2534909383026892
ga,19,40000,-0.4575,0.7906,-2.353,-0.001,50,-0.4336,0.7833,-2.353,-0.001,-0.6766431395127851,-0.23835686048721494,-0.6507196827477416,-0.21648031725225833
ga,20,42000,-0.4425,0.7734,-2.353,-0.001,50,-0.4225,0.7716,-2.353,-0.001,-0.6568755427513129,-0.2281244572486871,-0.6363766082065077,-0.2086233917934923
ga,21,44000,-0.4164,0.7236,-2.353,-0.001,50,-0.3964,0.7209,-2.353,-0.001,-0.6169716870117016,-0.21582831298829838,-0.5962232851944937,-0.1965767148055062
ga,22,46000,-0.4094,0.7248,-2.352,-0.001,50,-0.3774,0.693,-2.302,-0.001,-0.6103043100415717,-0.20849568995842824,-0.5694897997500128,-0.1853102002499873
ga,23,48000,-0.4004,0.7195,-2.352,-0.001,50,-0.3684,0.687,-2.302,-0.001,-0.5998352249929786,-0.20096477500702137,-0.558826684600662,-0.177973315399338
ga,24,50000,-0.4004,0.7195,-2.352,-0.001,50,-0.3684,0.687,-2.302,-0.001,-0.5998352249929786,-0.20096477500702137,-0.558826684600662,-0.177973315399338
ga,25,52000,-0.3835,0.7151,-2.352,-0.001,50,-0.3515,0.6817,-2.302,-0.001,-0.581715607216788,-0.185284392783212,-0.5404575995520688,-0.16254240044793117
ga,26,54000,-0.3825,0.7137,-2.352,-0.001,50,-0.3505,0.6801,-2.302,-0.001,-0.5803275470152729,-0.18467245298472715,-0.5390141021789085,-0.16198589782109135
ga,27,56000,-0.3464,0.6867,-2.352,-0.001,50,-0.3144,0.6499,-2.302,-0.001,-0.5367435288431944,-0.15605647115680554,-0.4945430892605098,-0.13425691073949023
ga,28,58000,-0.3223,0.6762,-2.352,-0.001,50,-0.2903,0.6375,-2.302,-0.001,-0.5097330773318306,-0.13486692266816935,-0.46700598461851817,-0.11359401538148181
ga,29,60000,-0.3223,0.6762,-2.352,-0.001,50,-0.2903,0.6376,-2.302,-0.001,-0.5097330773318306,-0.13486692266816935,-0.46703370320434073,-0.11356629679565927
ga,30,62000,-0.3014,0.6541,-2.352,-0.001,50,-0.2714,0.6153,-2.302,-0.001,-0.4827072698650553,-0.12009273013494468,-0.44195245856592036,-0.10084754143407959
ga,31,64000,-0.3003,0.6509,-2.302,-0.001,50,-0.2713,0.6153,-2.302,-0.001,-0.48072027511873494,-0.11987972488126508,-0.44185245856592037,-0.1007475414340796
ga,32,66000,-0.2843,0.6191,-2.302,-0.001,50,-0.2613,0.6002,-2.302,-0.001,-0.4559057648271759,-0.11269423517282412,-0.42766695210672095,-0.094933047893279
ga,33,68000,-0.2813,0.6108,-2.302,-0.001,50,-0.2613,0.6002,-2.302,-0.001,-0.45060512220390736,-0.11199487779609266,-0.42766695210672095,-0.094933047893279
ga,34,70000,-0.2793,0.6057,-2.302,-0.001,50,-0.2613,0.6002,-2.302,-0.001,-0.4471914743269592,-0.11140852567304077,-0.42766695210672095,-0.094933047893279
ga,35,72000,-0.2632,0.5872,-2.302,-0.001,50,-0.2452,0.581,-2.302,-0.001,-0.42596353594979436,-0.10043646405020562,-0.4062449836287986,-0.08415501637120143
ga,36,74000,-0.2422,0.5435,-2.302,-0.001,50,-0.2242,0.5361,-2.302,-0.001,-0.3928505139453563,-0.09154948605464369,-0.3727993385944904,-0.07560066140550964
ga,37,76000,-0.2382,0.5393,-2.302,-0.001,50,-0.2242,0.5361,-2.302,-0.001,-0.3876863333408108,-0.0887136666591892,-0.3727993385944904,-0.07560066140550964
ga,38,78000,-0.2171,0.4868,-2.302,-0.001,50,-0.2031,0.4827,-2.302,-0.001,-0.3520340757839916,-0.08216592421600835,-0.3368976137652686,-0.06930238623473137
ga,39,80000,-0.2151,0.4821,-2.302,-0.001,50,-0.2011,0.4778,-2.302,-0.001,-0.34873130225033355,-0.08146869774966647,-0.3335394030599655,-0.06866059694003451
ga,40,82000,-0.2061,0.465,-2.302,-0.001,50,-0.1921,0.4603,-2.302,-0.001,-0.33499142407468385,-0.07720857592531613,-0.3196886505410258,-0.06451134945897422
ga,41,84000,-0.2021,0.4473,-2.104,-0.001,50,-0.1881,0.4423,-2.104,-0.001,-0.32608523438409914,-0.07811476561590087,-0.3106993050929735,-0.06550069490702648
ga,42,86000,-0.1981,0.4437,-2.104,-0.001,50,-0.1881,0.4423,-2.104,-0.001,-0.32108736529448867,-0.07511263470551131,-0.3106993050929735,-0.06550069490702648
ga,43,88000,-0.1981,0.4437,-2.104,-0.001,50,-0.1881,0.4423,-2.104,-0.001,-0.32108736529448867,-0.07511263470551131,-0.3106993050929735,-0.06550069490702648
ga,44,90000,-0.1961,0.4388,-2.104,-0.001,50,-0.1861,0.4374,-2.104,-0.001,-0.31772915458918555,-0.07447084541081443,-0.3073410943876704,-0.06485890561232961
ga,45,92000,-0.1881,0.4292,-2.104,-0.001,50,-0.1781,0.4276,-2.104,-0.001,-0.3070681703502244,-0.06913182964977563,-0.29662467297706413,-0.05957532702293587
ga,46,94000,-0.1792,0.4175,-2.104,-0.001,50,-0.1692,0.4156,-2.104,-0.001,-0.29492509580899035,-0.06347490419100965,-0.2843984426783626,-0.05400155732163736
ga,47,96000,-0.1743,0.4065,-2.104,-0.001,50,-0.1643,0.4044,-2.104,-0.001,-0.28697605136851395,-0.061623948631486056,-0.2763939610662412,-0.0522060389337588
ga,48,98000,-0.1683,0.3961,-2.104,-0.001,50,-0.1583,0.3938,-2.104,-0.001,-0.2780933184429727,-0.058506681557027346,-0.26745579096905486,-0.049144209030945143
ga,49,100000,-0.1662,0.3859,-2.001,-0.001,50,-0.1562,0.3835,-2.001,-0.001,-0.27316602268907636,-0.05923397731092361,-0.2625007766293361,-0.04989922337066395
ga,50,102000,-0.1662,0.3859,-2.001,-0.001,50,-0.1562,0.3835,-2.001,-0.001,-0.27316602268907636,-0.05923397731092361,-0.2625007766293361,-0.04989922337066395
ga,51,104000,-0.1662,0.3859,-2.001,-0.001,50,-0.1562,0.3835,-2.001,-0.001,-0.27316602268907636,-0.05923397731092361,-0.2625007766293361,-0.04989922337066395
ga,52,106000,-0.1662,0.3859,-2.001,-0.001,50,-0.1562,0.3835,-2.001,-0.001,-0.27316602268907636,-0.05923397731092361,-0.2625007766293361,-0.04989922337066395
ga,53,108000,-0.1632,0.3717,-1.851,-0.001,50,-0.1532,0.3691,-1.851,-0.001,-0.26622998350227955,-0.060170016497720455,-0.25550930027089425,-0.05089069972910577
ga,54,110000,-0.1632,0.3717,-1.851,-0.001,50,-0.1532,0.3691,-1.851,-0.001,-0.26622998350227955,-0.060170016497720455,-0.25550930027089425,-0.05089069972910577
ga,55,112000,-0.1582,0.3644,-1.801,-0.001,50,-0.1522,0.3645,-1.801,-0.001,-0.25920652673723615,-0.057193473262763875,-0.25323424532305866,-0.05116575467694136
ga,56,114000,-0.1292,0.2753,-1.001,-0.001,50,-0.1242,0.2753,-1.001,-0.001,-0.20550926676937736,-0.052890733230622655,-0.20050926676937736,-0.04789073323062265
ga,57,116000,-0.1282,0.2733,-1.001,-0.001,50,-0.1232,0.2733,-1.001,-0.001,-0.2039548950529271,-0.05244510494707291,-0.1989548950529271,-0.04744510494707291
ga,58,118000,-0.1192,0.2522,-1.001,-0.001,50,-0.1142,0.252,-1.001,-0.001,-0.18910627344437692,-0.04929372655562307,-0.1840508362727319,-0.04434916372726809
ga,59,120000,-0.1192,0.2522,-1.001,-0.001,50,-0.1142,0.252,-1.001,-0.001,-0.18910627344437692,-0.04929372655562307,-0.1840508362727319,-0.04434916372726809
ga,60,122000,-0.1192,0.2522,-1.001,-0.001,50,-0.1142,0.252,-1.001,-0.001,-0.18910627344437692,-0.04929372655562307,-0.1840508362727319,-0.04434916372726809
ga,61,124000,-0.1192,0.2522,-1.001,-0.001,50,-0.1142,0.252,-1.001,-0.001,-0.18910627344437692,-0.04929372655562307,-0.1840508362727319,-0.04434916372726809
ga,62,126000,-0.1191,0.2521,-1.001,-0.001,50,-0.1141,0.2519,-1.001,-0.001,-0.18897855485855442,-0.04922144514144558,-0.1839231176869094,-0.0442768823130906
ga,63,128000,-0.1191,0.2521,-1.001,-0.001,50,-0.1141,0.2519,-1.001,-0.001,-0.18897855485855442,-0.04922144514144558,-0.1839231176869094,-0.0442768823130906
ga,64,130000,-0.1191,0.2521,-1.001,-0.001,50,-0.1141,0.2519,-1.001,-0.001,-0.18897855485855442,-0.04922144514144558,-0.1839231176869094,-0.0442768823130906
ga,65,132000,-0.1191,0.2521,-1.001,-0.001,50,-0.1141,0.2519,-1.001,-0.001,-0.18897855485855442,-0.04922144514144558,-0.1839231176869094,-0.0442768823130906
ga,66,134000,-0.1191,0.2519,-1.001,-0.001,50,-0.1141,0.2517,-1.001,-0.001,-0.1889231176869094,-0.0492768823130906,-0.18386768051526436,-0.044332319484735636
ga,67,136000,-0.1101,0.2459,-1.001,-0.001,50,-0.1051,0.2455,-1.001,-0.001,-0.17826000253755864,-0.04193999746244137,-0.1731491281942686,-0.03705087180573141
ga,68,138000,-0.1031,0.2395,-1.001,-0.001,50,-0.0981,0.2389,-1.001,-0.001,-0.1694860130449178,-0.036713986955082184,-0.16431970152998276,-0.03188029847001726
ga,69,140000,-0.1031,0.2395,-1.001,-0.001,50,-0.0981,0.2389,-1.001,-0.001,-0.1694860130449178,-0.036713986955082184,-0.16431970152998276,-0.03188029847001726
ga,70,142000,-0.0861,0.2252,-1.001,-0.001,50,-0.0851,0.2255,-1.001,-0.001,-0.1485222552722985,-0.023677744727701483,-0.14760541102976604,-0.022594588970233948
ga,71,144000,-0.0831,0.2182,-1.001,-0.001,50,-0.0822,0.2185,-1.001,-0.001,-0.14358195426472262,-0.022618045735277363,-0.14276511002219017,-0.02163488997780983
ga,72,146000,-0.0702,0.1924,-1.001,-0.001,50,-0.0692,0.1926,-1.001,-0.001,-0.12353055912251436,-0.01686944087748564,-0.1225859962941594,-0.01581400370584061
ga,73,148000,-0.0701,0.1924,-1.001,-0.001,50,-0.0692,0.1927,-1.001,-0.001,-0.12343055912251436,-0.016769440877485636,-0.1226137148799819,-0.015786285120018097
ga,74,150000,-0.0601,0.1823,-1.001,-0.001,50,-0.0591,0.1825,-1.001,-0.001,-0.11063098195444057,-0.009569018045559423,-0.1096864191260856,-0.008513580873914399
ga,75,152000,-0.0601,0.1823,-1.001,-0.001,50,-0.0591,0.1825,-1.001,-0.001,-0.11063098195444057,-0.009569018045559423,-0.1096864191260856,-0.008513580873914399
ga,76,154000,-0.0571,0.182,-1.001,-0.001,50,-0.0561,0.1822,-1.001,-0.001,-0.10754782619697303,-0.006652173803026955,-0.10660326336861806,-0.005596736631381931
ga,77,156000,-0.0431,0.1368,-0.501,-0.001,50,-0.0421,0.1369,-0.501,-0.001,-0.08101902540519731,-0.005180974594802684,-0.08004674399101983,-0.004153256008980165
ga,78,158000,-0.0431,0.1368,-0.501,-0.001,50,-0.0421,0.1369,-0.501,-0.001,-0.08101902540519731,-0.005180974594802684,-0.08004674399101983,-0.004153256008980165
ga,79,160000,-0.0431,0.1368,-0.501,-0.001,50,-0.0421,0.1369,-0.501,-0.001,-0.08101902540519731,-0.005180974594802684,-0.08004674399101983,-0.004153256008980165
ga,80,162000,-0.0431,0.1368,-0.501,-0.001,50,-0.0421,0.1369,-0.501,-0.001,-0.08101902540519731,-0.005180974594802684,-0.08004674399101983,-0.004153256008980165
ga,81,164000,-0.0431,0.1368,-0.501,-0.001,50,-0.0421,0.1369,-0.501,-0.001,-0.08101902540519731,-0.005180974594802684,-0.08004674399101983,-0.004153256008980165
ga,82,166000,-0.0431,0.1368,-0.501,-0.001,50,-0.0421,0.1369,-0.501,-0.001,-0.08101902540519731,-0.005180974594802684,-0.08004674399101983,-0.004153256008980165
ga,83,168000,-0.0431,0.1368,-0.501,-0.001,50,-0.0421,0.1369,-0.501,-0.001,-0.08101902540519731,-0.005180974594802684,-0.08004674399101983,-0.004153256008980165
ga,84,170000,-0.0421,0.1369,-0.501,-0.001,50,-0.0411,0.137,-0.501,-0.001,-0.08004674399101983,-0.004153256008980165,-0.07907446257684235,-0.0031255374231576455
ga,85,172000,-0.0421,0.1369,-0.501,-0.001,50,-0.0411,0.137,-0.501,-0.001,-0.08004674399101983,-0.004153256008980165,-0.07907446257684235,-0.0031255374231576455
ga,86,174000,-0.0421,0.1369,-0.501,-0.001,50,-0.0411,0.137,-0.501,-0.001,-0.08004674399101983,-0.004153256008980165,-0.07907446257684235,-0.0031255374231576455
ga,87,176000,-0.042,0.1369,-0.501,-0.001,50,-0.0411,0.137,-0.501,-0.001,-0.07994674399101984,-0.004053256008980169,-0.07907446257684235,-0.0031255374231576455
ga,88,178000,-0.042,0.1369,-0.501,-0.001,50,-0.0411,0.137,-0.501,-0.001,-0.07994674399101984,-0.004053256008980169,-0.07907446257684235,-0.0031255374231576455
ga,89,180000,-0.042,0.1369,-0.501,-0.001,50,-0.0411,0.137,-0.501,-0.001,-0.07994674399101984,-0.004053256008980169,-0.07907446257684235,-0.0031255374231576455
ga,90,182000,-0.042,0.1369,-0.501,-0.001,50,-0.0411,0.137,-0.501,-0.001,-0.07994674399101984,-0.004053256008980169,-0.07907446257684235,-0.0031255374231576455
ga,91,184000,-0.042,0.1369,-0.501,-0.001,50,-0.041,0.137,-0.501,-0.001,-0.07994674399101984,-0.004053256008980169,-0.07897446257684235,-0.0030255374231576496
ga,92,186000,-0.042,0.1369,-0.501,-0.001,50,-0.041,0.137,-0.501,-0.001,-0.07994674399101984,-0.004053256008980169,-0.07897446257684235,-0.0030255374231576496
ga,93,188000,-0.042,0.1369,-0.501,-0.001,50,-0.041,0.137,-0.501,-0.001,-0.07994674399101984,-0.004053256008980169,-0.07897446257684235,-0.0030255374231576496
ga,94,190000,-0.042,0.1369,-0.501,-0.001,50,-0.041,0.137,-0.501,-0.001,-0.07994674399101984,-0.004053256008980169,-0.07897446257684235,-0.0030255374231576496
ga,95,192000,-0.042,0.1369,-0.501,-0.001,50,-0.041,0.137,-0.501,-0.001,-0.07994674399101984,-0.004053256008980169,-0.07897446257684235,-0.0030255374231576496
ga,96,194000,-0.042,0.1369,-0.501,-0.001,50,-0.041,0.137,-0.501,-0.001,-0.07994674399101984,-0.004053256008980169,-0.07897446257684235,-0.0030255374231576496
ga,97,196000,-0.032,0.1199,-0.501,-0.001,50,-0.0311,0.1199,-0.501,-0.001,-0.06523458440119267,0.0012345844011926801,-0.06433458440119268,0.0021345844011926816
ga,98,198000,-0.032,0.1199,-0.501,-0.001,50,-0.0311,0.1199,-0.501,-0.001,-0.06523458440119267,0.0012345844011926801,-0.06433458440119268,0.0021345844011926816
ga,99,200000,-0.032,0.1199,-0.501,-0.001,50,-0.031,0.1199,-0.501,-0.001,-0.06523458440119267,0.0012345844011926801,-0.06423458440119267,0.002234584401192681
random_search,0,2000,-6.5222,1.9332,-10.001,-1.553,50,-6.5222,1.9332,-10.001,-1.553,-7.058055701120814,-5.986344298879185,-7.058055701120814,-5.986344298879185
random_search,1,4000,-5.3899,1.6281,-9.505,-1.553,50,-5.3899,1.6281,-9.505,-1.553,-5.841186295776328,-4.9386137042236715,-5.841186295776328,-4.9386137042236715
random_search,2,6000,-5.017,1.4778,-7.852,-1.553,50,-5.017,1.4778,-7.852,-1.553,-5.426625261285093,-4.607374738714908,-5.426625261285093,-4.607374738714908
random_search,3,8000,-4.7811,1.401,-7.852,-1.553,50,-4.7811,1.401,-7.852,-1.553,-5.169437387373403,-4.392762612626598,-5.169437387373403,-4.392762612626598
random_search,4,10000,-4.526,1.1952,-7.002,-1.553,50,-4.526,1.1952,-7.002,-1.553,-4.857292537750671,-4.194707462249329,-4.857292537750671,-4.194707462249329
random_search,5,12000,-4.329,1.1809,-7.002,-1.553,50,-4.329,1.1809,-7.002,-1.553,-4.656328779978052,-4.001671220021947,-4.656328779978052,-4.001671220021947
random_search,6,14000,-4.163,1.1925,-6.503,-1.553,50,-4.163,1.1925,-6.503,-1.553,-4.493544135933464,-3.832455864066537,-4.493544135933464,-3.832455864066537
random_search,7,16000,-4.047,1.1988,-6.503,-1.553,50,-4.047,1.1988,-6.503,-1.553,-4.379290406840282,-3.714709593159718,-4.379290406840282,-3.714709593159718
random_search,8,18000,-3.9508,1.1591,-6.003,-1.553,50,-3.9508,1.1591,-6.003,-1.553,-4.272086128268745,-3.629513871731256,-4.272086128268745,-3.629513871731256
random_search,9,20000,-3.7608,1.0842,-5.302,-1.553,50,-3.7608,1.0842,-5.302,-1.553,-4.061324907487682,-3.460275092512318,-4.061324907487682,-3.460275092512318
random_search,10,22000,-3.6908,1.0624,-5.302,-1.553,50,-3.6908,1.0624,-5.302,-1.553,-3.9852822557783742,-3.3963177442216255,-3.9852822557783742,-3.3963177442216255
random_search,11,24000,-3.6908,1.0623,-5.302,-1.553,50,-3.6908,1.0623,-5.302,-1.553,-3.985254537192552,-3.3963454628074476,-3.985254537192552,-3.3963454628074476
random_search,12,26000,-3.6207,1.0141,-5.302,-1.553,50,-3.6207,1.0141,-5.302,-1.553,-3.901794178826101,-3.339605821173899,-3.901794178826101,-3.339605821173899
random_search,13,28000,-3.5458,0.9789,-5.302,-1.553,50,-3.5458,0.9789,-5.302,-1.553,-3.8171372366165763,-3.2744627633834233,-3.8171372366165763,-3.2744627633834233
random_search,14,30000,-3.5119,0.9666,-5.302,-1.553,50,-3.5119,0.9666,-5.302,-1.553,-3.779827850560407,-3.2439721494395926,-3.779827850560407,-3.2439721494395926
random_search,15,32000,-3.5029,0.9535,-5.302,-1.553,50,-3.5029,0.9535,-5.302,-1.553,-3.7671967158176582,-3.2386032841823416,-3.7671967158176582,-3.2386032841823416
random_search,16,34000,-3.4969,0.948,-5.302,-1.553,50,-3.4969,0.948,-5.302,-1.553,-3.75967219359742,-3.2341278064025802,-3.75967219359742,-3.2341278064025802
random_search,17,36000,-3.4969,0.948,-5.302,-1.553,50,-3.4969,0.948,-5.302,-1.553,-3.75967219359742,-3.2341278064025802,-3.75967219359742,-3.2341278064025802
random_search,18,38000,-3.4879,0.9326,-5.302,-1.553,50,-3.4879,0.9326,-5.302,-1.553,-3.7464035313807527,-3.229396468619247,-3.7464035313807527,-3.229396468619247
random_search,19,40000,-3.4339,0.9096,-5.302,-1.553,50,-3.4339,0.9096,-5.302,-1.553,-3.686028256641575,-3.181771743358425,-3.686028256641575,-3.181771743358425
random_search,20,42000,-3.3679,0.9195,-5.302,-1.553,50,-3.3679,0.9195,-5.302,-1.553,-3.622772396638004,-3.113027603361996,-3.622772396638004,-3.113027603361996
random_search,21,44000,-3.3679,0.9195,-5.302,-1.553,50,-3.3679,0.9195,-5.302,-1.553,-3.622772396638004,-3.113027603361996,-3.622772396638004,-3.113027603361996
random_search,22,46000,-3.2948,0.9054,-5.003,-1.553,50,-3.2948,0.9054,-5.003,-1.553,-3.5457640760370297,-3.04383592396297,-3.5457640760370297,-3.04383592396297
random_search,23,48000,-3.292,0.9027,-5.003,-1.553,50,-3.292,0.9027,-5.003,-1.553,-3.5422156742198214,-3.041784325780178,-3.5422156742198214,-3.041784325780178
random_search,24,50000,-3.262,0.9203,-5.003,-1.553,50,-3.262,0.9203,-5.003,-1.553,-3.517094145324584,-3.006905854675416,-3.517094145324584,-3.006905854675416
random_search,25,52000,-3.1489,1.0051,-5.003,-0.504,50,-3.1489,1.0051,-5.003,-0.504,-3.4274995061020745,-2.870300493897925,-3.4274995061020745,-2.870300493897925
random_search,26,54000,-3.134,1.0025,-5.003,-0.504,50,-3.134,1.0025,-5.003,-0.504,-3.4118788228706896,-2.8561211771293102,-3.4118788228706896,-2.8561211771293102
random_search,27,56000,-3.1209,1.0045,-5.003,-0.504,50,-3.1209,1.0045,-5.003,-0.504,-3.3993331945871397,-2.84246680541286,-3.3993331945871397,-2.84246680541286
random_search,28,58000,-3.0448,1.0061,-5.003,-0.504,50,-3.0448,1.0061,-5.003,-0.504,-3.3236766919603,-2.7659233080397,-3.3236766919603,-2.7659233080397
random_search,29,60000,-3.0448,1.0061,-5.002,-0.504,50,-3.0448,1.0061,-5.002,-0.504,-3.3236766919603,-2.7659233080397,-3.3236766919603,-2.7659233080397
random_search,30,62000,-2.9858,0.9232,-5.002,-0.504,50,-2.9858,0.9232,-5.002,-0.504,-3.241697984313437,-2.7299020156865628,-3.241697984313437,-2.7299020156865628
random_search,31,64000,-2.9466,0.9019,-5.002,-0.504,50,-2.9466,0.9019,-5.002,-0.504,-3.1965939255332416,-2.6966060744667586,-3.1965939255332416,-2.6966060744667586
random_search,32,66000,-2.9406,0.8889,-4.952,-0.504,50,-2.9406,0.8889,-4.952,-0.504,-3.186990509376315,-2.6942094906236846,-3.186990509376315,-2.6942094906236846
random_search,33,68000,-2.8967,0.8514,-4.704,-0.504,50,-2.8967,0.8514,-4.704,-0.504,-3.1326960396928727,-2.6607039603071274,-3.1326960396928727,-2.6607039603071274
random_search,34,70000,-2.8837,0.847,-4.704,-0.504,50,-2.8837,0.847,-4.704,-0.504,-3.1184764219166823,-2.648923578083318,-3.1184764219166823,-2.648923578083318
random_search,35,72000,-2.8787,0.8461,-4.704,-0.504,50,-2.8787,0.8461,-4.704,-0.504,-3.1132269546442792,-2.6441730453557204,-3.1132269546442792,-2.6441730453557204
random_search,36,74000,-2.8727,0.8455,-4.704,-0.504,50,-2.8727,0.8455,-4.704,-0.504,-3.1070606431293446,-2.6383393568706555,-3.1070606431293446,-2.6383393568706555
random_search,37,76000,-2.8247,0.8103,-4.704,-0.504,50,-2.8247,0.8103,-4.704,-0.504,-3.04930370091982,-2.60009629908018,-3.04930370091982,-2.60009629908018
random_search,38,78000,-2.7957,0.8312,-4.704,-0.504,50,-2.7957,0.8312,-4.704,-0.504,-3.026096885356725,-2.565303114643275,-3.026096885356725,-2.565303114643275
random_search,39,80000,-2.7957,0.8312,-4.704,-0.504,50,-2.7957,0.8312,-4.704,-0.504,-3.026096885356725,-2.565303114643275,-3.026096885356725,-2.565303114643275
random_search,40,82000,-2.7837,0.8161,-4.704,-0.504,50,-2.7837,0.8161,-4.704,-0.504,-3.009911378897526,-2.557488621102474,-3.009911378897526,-2.557488621102474
random_search,41,84000,-2.7747,0.8116,-4.704,-0.504,50,-2.7747,0.8116,-4.704,-0.504,-2.999664042535513,-2.5497359574644873,-2.999664042535513,-2.5497359574644873
random_search,42,86000,-2.7747,0.8116,-4.704,-0.504,50,-2.7747,0.8116,-4.704,-0.504,-2.999664042535513,-2.5497359574644873,-2.999664042535513,-2.5497359574644873
random_search,43,88000,-2.7726,0.8111,-4.704,-0.504,50,-2.7726,0.8111,-4.704,-0.504,-2.9974254496064003,-2.5477745503936,-2.9974254496064003,-2.5477745503936
random_search,44,90000,-2.7626,0.805,-4.704,-0.504,50,-2.7626,0.805,-4.704,-0.504,-2.985734615871227,-2.539465384128773,-2.985734615871227,-2.539465384128773
random_search,45,92000,-2.7626,0.805,-4.704,-0.504,50,-2.7626,0.805,-4.704,-0.504,-2.985734615871227,-2.539465384128773,-2.985734615871227,-2.539465384128773
random_search,46,94000,-2.7626,0.805,-4.704,-0.504,50,-2.7626,0.805,-4.704,-0.504,-2.985734615871227,-2.539465384128773,-2.985734615871227,-2.539465384128773
random_search,47,96000,-2.7626,0.805,-4.704,-0.504,50,-2.7626,0.805,-4.704,-0.504,-2.985734615871227,-2.539465384128773,-2.985734615871227,-2.539465384128773
random_search,48,98000,-2.7316,0.779,-4.704,-0.504,50,-2.7316,0.779,-4.704,-0.504,-2.9475277835573737,-2.515672216442626,-2.9475277835573737,-2.515672216442626
random_search,49,100000,-2.7196,0.7739,-4.704,-0.504,50,-2.7196,0.7739,-4.704,-0.504,-2.9341141356804252,-2.5050858643195744,-2.9341141356804252,-2.5050858643195744
random_search,50,102000,-2.6366,0.792,-4.451,-0.504,50,-2.6366,0.792,-4.451,-0.504,-2.8561311997143,-2.4170688002857,-2.8561311997143,-2.4170688002857
random_search,51,104000,-2.5996,0.8092,-4.451,-0.504,50,-2.5996,0.8092,-4.451,-0.504,-2.8238987964757727,-2.3753012035242276,-2.8238987964757727,-2.3753012035242276
random_search,52,106000,-2.5966,0.8033,-4.451,-0.504,50,-2.5966,0.8033,-4.451,-0.504,-2.819263399912244,-2.373936600087756,-2.819263399912244,-2.373936600087756
random_search,53,108000,-2.5786,0.8124,-4.451,-0.504,50,-2.5786,0.8124,-4.451,-0.504,-2.8037857912220927,-2.353414208777907,-2.8037857912220927,-2.353414208777907
random_search,54,110000,-2.4925,0.7649,-4.451,-0.504,50,-2.4925,0.7649,-4.451,-0.504,-2.7045194629563993,-2.280480537043601,-2.7045194629563993,-2.280480537043601
random_search,55,112000,-2.4835,0.7547,-4.451,-0.504,50,-2.4835,0.7547,-4.451,-0.504,-2.692692167202503,-2.2743078327974966,-2.692692167202503,-2.2743078327974966
random_search,56,114000,-2.4835,0.7547,-4.451,-0.504,50,-2.4835,0.7547,-4.451,-0.504,-2.692692167202503,-2.2743078327974966,-2.692692167202503,-2.2743078327974966
random_search,57,116000,-2.4555,0.7759,-4.451,-0.504,50,-2.4555,0.7759,-4.451,-0.504,-2.6705685073968755,-2.240431492603124,-2.6705685073968755,-2.240431492603124
random_search,58,118000,-2.4465,0.7611,-4.201,-0.504,50,-2.4465,0.7611,-4.201,-0.504,-2.657466156695144,-2.235533843304856,-2.657466156695144,-2.235533843304856
random_search,59,120000,-2.4365,0.7406,-3.703,-0.504,50,-2.4365,0.7406,-3.703,-0.504,-2.6417838466015287,-2.2312161533984716,-2.6417838466015287,-2.2312161533984716
random_search,60,122000,-2.3885,0.7115,-3.703,-0.504,50,-2.3885,0.7115,-3.703,-0.504,-2.585717738127178,-2.1912822618728223,-2.585717738127178,-2.1912822618728223
random_search,61,124000,-2.3845,0.7089,-3.703,-0.504,50,-2.3845,0.7089,-3.703,-0.504,-2.5809970548957923,-2.188002945104208,-2.5809970548957923,-2.188002945104208
random_search,62,126000,-2.3845,0.7089,-3.703,-0.504,50,-2.3845,0.7089,-3.703,-0.504,-2.5809970548957923,-2.188002945104208,-2.5809970548957923,-2.188002945104208
random_search,63,128000,-2.3676,0.7027,-3.703,-0.504,50,-2.3676,0.7027,-3.703,-0.504,-2.5623785025747963,-2.1728214974252036,-2.5623785025747963,-2.1728214974252036
random_search,64,130000,-2.3676,0.7027,-3.703,-0.504,50,-2.3676,0.7027,-3.703,-0.504,-2.5623785025747963,-2.1728214974252036,-2.5623785025747963,-2.1728214974252036
random_search,65,132000,-2.3396,0.7063,-3.703,-0.504,50,-2.3396,0.7063,-3.703,-0.504,-2.5353763716644067,-2.143823628335593,-2.5353763716644067,-2.143823628335593
random_search,66,134000,-2.3195,0.68,-3.703,-0.504,50,-2.3195,0.68,-3.703,-0.504,-2.507986383593086,-2.1310136164069142,-2.507986383593086,-2.1310136164069142
random_search,67,136000,-2.3135,0.6734,-3.703,-0.504,50,-2.3135,0.6734,-3.703,-0.504,-2.5001569569288002,-2.1268430430711995,-2.5001569569288002,-2.1268430430711995
random_search,68,138000,-2.3135,0.6734,-3.703,-0.504,50,-2.3135,0.6734,-3.703,-0.504,-2.5001569569288002,-2.1268430430711995,-2.5001569569288002,-2.1268430430711995
random_search,69,140000,-2.2665,0.6408,-3.602,-0.504,50,-2.2665,0.6408,-3.602,-0.504,-2.444120697950661,-2.0888793020493392,-2.444120697950661,-2.0888793020493392
random_search,70,142000,-2.2604,0.6389,-3.602,-0.504,50,-2.2604,0.6389,-3.602,-0.504,-2.4374940448200335,-2.083305955179967,-2.4374940448200335,-2.083305955179967
random_search,71,144000,-2.2455,0.6331,-3.602,-0.504,50,-2.2455,0.6331,-3.602,-0.504,-2.4209863668423273,-2.0700136331576724,-2.4209863668423273,-2.0700136331576724
random_search,72,146000,-2.2325,0.6239,-3.602,-0.504,50,-2.2325,0.6239,-3.602,-0.504,-2.4054362569466563,-2.0595637430533436,-2.4054362569466563,-2.0595637430533436
random_search,73,148000,-2.2325,0.6239,-3.602,-0.504,50,-2.2325,0.6239,-3.602,-0.504,-2.4054362569466563,-2.0595637430533436,-2.4054362569466563,-2.0595637430533436
random_search,74,150000,-2.2325,0.6239,-3.602,-0.504,50,-2.2325,0.6239,-3.602,-0.504,-2.4054362569466563,-2.0595637430533436,-2.4054362569466563,-2.0595637430533436
random_search,75,152000,-2.2075,0.5985,-3.602,-0.504,50,-2.2075,0.5985,-3.602,-0.504,-2.3733957361477382,-2.041604263852262,-2.3733957361477382,-2.041604263852262
random_search,76,154000,-2.2075,0.5985,-3.602,-0.504,50,-2.2075,0.5985,-3.602,-0.504,-2.3733957361477382,-2.041604263852262,-2.3733957361477382,-2.041604263852262
random_search,77,156000,-2.2075,0.5985,-3.602,-0.504,50,-2.2075,0.5985,-3.602,-0.504,-2.3733957361477382,-2.041604263852262,-2.3733957361477382,-2.041604263852262
random_search,78,158000,-2.2075,0.5985,-3.602,-0.504,50,-2.2075,0.5985,-3.602,-0.504,-2.3733957361477382,-2.041604263852262,-2.3733957361477382,-2.041604263852262
random_search,79,160000,-2.2075,0.5985,-3.602,-0.504,50,-2.2075,0.5985,-3.602,-0.504,-2.3733957361477382,-2.041604263852262,-2.3733957361477382,-2.041604263852262
random_search,80,162000,-2.2045,0.5994,-3.602,-0.504,50,-2.2045,0.5994,-3.602,-0.504,-2.370645203420141,-2.038354796579859,-2.370645203420141,-2.038354796579859
random_search,81,164000,-2.2025,0.6005,-3.602,-0.504,50,-2.2025,0.6005,-3.602,-0.504,-2.3689501078641886,-2.0360498921358117,-2.3689501078641886,-2.0360498921358117
random_search,82,166000,-2.2025,0.6005,-3.602,-0.504,50,-2.2025,0.6005,-3.602,-0.504,-2.3689501078641886,-2.0360498921358117,-2.3689501078641886,-2.0360498921358117
random_search,83,168000,-2.1955,0.5971,-3.602,-0.504,50,-2.1955,0.5971,-3.602,-0.504,-2.3610076759462233,-2.0299923240537767,-2.3610076759462233,-2.0299923240537767
random_search,84,170000,-2.1955,0.5971,-3.602,-0.504,50,-2.1955,0.5971,-3.602,-0.504,-2.3610076759462233,-2.0299923240537767,-2.3610076759462233,-2.0299923240537767
random_search,85,172000,-2.1955,0.5971,-3.602,-0.504,50,-2.1955,0.5971,-3.602,-0.504,-2.3610076759462233,-2.0299923240537767,-2.3610076759462233,-2.0299923240537767
random_search,86,174000,-2.1795,0.5881,-3.602,-0.504,50,-2.1795,0.5881,-3.602,-0.504,-2.342513003222197,-2.016486996777803,-2.342513003222197,-2.016486996777803
random_search,87,176000,-2.1795,0.5881,-3.602,-0.504,50,-2.1795,0.5881,-3.602,-0.504,-2.342513003222197,-2.016486996777803,-2.342513003222197,-2.016486996777803
random_search,88,178000,-2.1795,0.5881,-3.602,-0.504,50,-2.1795,0.5881,-3.602,-0.504,-2.342513003222197,-2.016486996777803,-2.342513003222197,-2.016486996777803
random_search,89,180000,-2.1795,0.5881,-3.602,-0.504,50,-2.1795,0.5881,-3.602,-0.504,-2.342513003222197,-2.016486996777803,-2.342513003222197,-2.016486996777803
random_search,90,182000,-2.1505,0.546,-3.202,-0.504,50,-2.1505,0.546,-3.202,-0.504,-2.301843478590919,-1.999156521409081,-2.301843478590919,-1.999156521409081
random_search,91,184000,-2.1476,0.5464,-3.202,-0.504,50,-2.1476,0.5464,-3.202,-0.504,-2.2990543529342093,-1.996145647065791,-2.2990543529342093,-1.996145647065791
random_search,92,186000,-2.1455,0.5445,-3.202,-0.504,50,-2.1455,0.5445,-3.202,-0.504,-2.2964276998035817,-1.9945723001964186,-2.2964276998035817,-1.9945723001964186
random_search,93,188000,-2.1455,0.5445,-3.202,-0.504,50,-2.1455,0.5445,-3.202,-0.504,-2.2964276998035817,-1.9945723001964186,-2.2964276998035817,-1.9945723001964186
random_search,94,190000,-2.1455,0.5445,-3.202,-0.504,50,-2.1455,0.5445,-3.202,-0.504,-2.2964276998035817,-1.9945723001964186,-2.2964276998035817,-1.9945723001964186
random_search,95,192000,-2.1355,0.5424,-3.202,-0.504,50,-2.1355,0.5424,-3.202,-0.504,-2.2858456095013087,-1.9851543904986912,-2.2858456095013087,-1.9851543904986912
random_search,96,194000,-2.1355,0.5424,-3.202,-0.504,50,-2.1355,0.5424,-3.202,-0.504,-2.2858456095013087,-1.9851543904986912,-2.2858456095013087,-1.9851543904986912
random_search,97,196000,-2.1355,0.5424,-3.202,-0.504,50,-2.1355,0.5424,-3.202,-0.504,-2.2858456095013087,-1.9851543904986912,-2.2858456095013087,-1.9851543904986912
random_search,98,198000,-2.1354,0.5424,-3.202,-0.504,50,-2.1354,0.5424,-3.202,-0.504,-2.285745609501309,-1.9850543904986915,-2.285745609501309,-1.9850543904986915
random_search,99,200000,-2.1354,0.5424,-3.202,-0.504,50,-2.1354,0.5424,-3.202,-0.504,-2.285745609501309,-1.9850543904986915,-2.285745609501309,-1.9850543904986915
